{
    "jelatin": 7466,
    "gold": 99199,
    "jelly_unlock_list": [
        true,
        true,
        true,
        false,
        false,
        false,
        false,
        false,
        false,
        false,
        false,
        false
    ],
    "jelly_list": [
        {
            "id": 0,
            "level": 1,
            "exp": 42.60909652709961,
            "pos": {
                "x": 1.1045691967010499,
                "y": -1.7775352001190186,
                "z": -1.7775352001190186
            }
        },
        {
            "id": 1,
            "level": 1,
            "exp": 32.2491455078125,
            "pos": {
                "x": 0.9087274074554443,
                "y": -1.6180508136749268,
                "z": -1.6180508136749268
            }
        },
        {
            "id": 2,
            "level": 1,
            "exp": 24.594270706176759,
            "pos": {
                "x": -0.27605438232421877,
                "y": -1.2584190368652344,
                "z": -1.2584190368652344
            }
        }
    ]
}